region_code,council_code,name_sw,name_en,council_type
DODOMA,DODOMA_KONDOA_DC,Halmashauri ya Wilaya ya Kondoa,Kondoa District Council,DISTRICT
DODOMA,DODOMA_KONDOA_TC,Halmashauri ya Mji wa Kondoa,Kondoa Town Council,TOWN
DODOMA,DODOMA_MPWAPWA_DC,Halmashauri ya Wilaya ya Mpwapwa,Mpwapwa District Council,DISTRICT
DODOMA,DODOMA_KONGWA_DC,Halmashauri ya Wilaya ya Kongwa,Kongwa District Council,DISTRICT
DODOMA,DODOMA_CHAMWINO_DC,Halmashauri ya Wilaya ya Chamwino,Chamwino District Council,DISTRICT
DODOMA,DODOMA_DODOMA_CC,Halmashauri ya Jiji la Dodoma,Dodoma City Council,CITY
DODOMA,DODOMA_BAHI_DC,Halmashauri ya Wilaya ya Bahi,Bahi District Council,DISTRICT
DODOMA,DODOMA_CHEMBA_DC,Halmashauri ya Wilaya ya Chemba,Chemba District Council,DISTRICT
ARUSHA,ARUSHA_MONDULI_DC,Halmashauri ya Wilaya ya Monduli,Monduli District Council,DISTRICT
ARUSHA,ARUSHA_MERU_DC,Halmashauri ya Wilaya ya Meru,Meru District Council,DISTRICT
ARUSHA,ARUSHA_ARUSHA_DC,Halmashauri ya Wilaya ya Arusha,Arusha District Council,DISTRICT
ARUSHA,ARUSHA_LONGIDO_DC,Halmashauri ya Wilaya ya Longido,Longido District Council,DISTRICT
ARUSHA,ARUSHA_KARATU_DC,Halmashauri ya Wilaya ya Karatu,Karatu District Council,DISTRICT
ARUSHA,ARUSHA_NGORONGORO_DC,Halmashauri ya Wilaya ya Ngorongoro,Ngorongoro District Council,DISTRICT
ARUSHA,ARUSHA_ARUSHA_CC,Halmashauri ya Jiji la Arusha,Arusha City Council,CITY
KILIMANJARO,KILIMANJARO_ROMBO_DC,Halmashauri ya Wilaya ya Rombo,Rombo District Council,DISTRICT
KILIMANJARO,KILIMANJARO_MWANGA_DC,Halmashauri ya Wilaya ya Mwanga,Mwanga District Council,DISTRICT
KILIMANJARO,KILIMANJARO_SAME_DC,Halmashauri ya Wilaya ya Same,Same District Council,DISTRICT
KILIMANJARO,KILIMANJARO_MOSHI_MC,Halmashauri ya Manispaa ya Moshi,Moshi Municipal Council,MUNICIPAL
KILIMANJARO,KILIMANJARO_MOSHI_DC,Halmashauri ya Wilaya ya Moshi,Moshi District Council,DISTRICT
KILIMANJARO,KILIMANJARO_HAI_DC,Halmashauri ya Wilaya ya Hai,Hai District Council,DISTRICT
KILIMANJARO,KILIMANJARO_SIHA_DC,Halmashauri ya Wilaya ya Siha,Siha District Council,DISTRICT
TANGA,TANGA_LUSHOTO_DC,Halmashauri ya Wilaya ya Lushoto,Lushoto District Council,DISTRICT
TANGA,TANGA_BUMBULI_DC,Halmashauri ya Wilaya ya Bumbuli,Bumbuli District Council,DISTRICT
TANGA,TANGA_KOROGWE_DC,Halmashauri ya Wilaya ya Korogwe,Korogwe District Council,DISTRICT
TANGA,TANGA_KOROGWE_TC,Halmashauri ya Mji wa Korogwe,Korogwe Town Council,TOWN
TANGA,TANGA_MUHEZA_DC,Halmashauri ya Wilaya ya Muheza,Muheza District Council,DISTRICT
TANGA,TANGA_TANGA_CC,Halmashauri ya Jiji la Tanga,Tanga City Council,CITY
TANGA,TANGA_PANGANI_DC,Halmashauri ya Wilaya ya Pangani,Pangani District Council,DISTRICT
TANGA,TANGA_HANDENI_DC,Halmashauri ya Wilaya ya Handeni,Handeni District Council,DISTRICT
TANGA,TANGA_HANDENI_TC,Halmashauri ya Mji wa Handeni,Handeni Town Council,TOWN
TANGA,TANGA_KILINDI_DC,Halmashauri ya Wilaya ya Kilindi,Kilindi District Council,DISTRICT
TANGA,TANGA_MKINGA_DC,Halmashauri ya Wilaya ya Mkinga,Mkinga District Council,DISTRICT
MOROGORO,MOROGORO_KILOSA_DC,Halmashauri ya Wilaya ya Kilosa,Kilosa District Council,DISTRICT
MOROGORO,MOROGORO_MOROGORO_DC,Halmashauri ya Wilaya ya Morogoro,Morogoro District Council,DISTRICT
MOROGORO,MOROGORO_MOROGORO_MC,Halmashauri ya Manispaa ya Morogoro,Morogoro Municipal Council,MUNICIPAL
MOROGORO,MOROGORO_MLIMBA_DC,Halmashauri ya Wilaya ya Mlimba,Mlimba District Council,DISTRICT
MOROGORO,MOROGORO_IFAKARA_TC,Halmashauri ya Mji wa Ifakara,Ifakara Town Council,TOWN
MOROGORO,MOROGORO_ULANGA_DC,Halmashauri ya Wilaya ya Ulanga,Ulanga District Council,DISTRICT
MOROGORO,MOROGORO_MALINYI_DC,Halmashauri ya Wilaya ya Malinyi,Malinyi District Council,DISTRICT
MOROGORO,MOROGORO_MVOMERO_DC,Halmashauri ya Wilaya ya Mvomero,Mvomero District Council,DISTRICT
MOROGORO,MOROGORO_GAIRO_DC,Halmashauri ya Wilaya ya Gairo,Gairo District Council,DISTRICT
PWANI,PWANI_BAGAMOYO_DC,Halmashauri ya Wilaya ya Bagamoyo,Bagamoyo District Council,DISTRICT
PWANI,PWANI_CHALINZE_DC,Halmashauri ya Wilaya ya Chalinze,Chalinze District Council,DISTRICT
PWANI,PWANI_KIBAHA_DC,Halmashauri ya Wilaya ya Kibaha,Kibaha District Council,DISTRICT
PWANI,PWANI_KIBAHA_TC,Halmashauri ya Mji wa Kibaha,Kibaha Town Council,TOWN
PWANI,PWANI_KISARAWE_DC,Halmashauri ya Wilaya ya Kisarawe,Kisarawe District Council,DISTRICT
PWANI,PWANI_MKURANGA_DC,Halmashauri ya Wilaya ya Mkuranga,Mkuranga District Council,DISTRICT
PWANI,PWANI_RUFIJI_DC,Halmashauri ya Wilaya ya Rufiji,Rufiji District Council,DISTRICT
PWANI,PWANI_MAFIA_DC,Halmashauri ya Wilaya ya Mafia,Mafia District Council,DISTRICT
PWANI,PWANI_KIBITI_DC,Halmashauri ya Wilaya ya Kibiti,Kibiti District Council,DISTRICT
DAR_ES_SALAAM,DAR_ES_SALAAM_KINONDONI_MC,Halmashauri ya Manispaa ya Kinondoni,Kinondoni Municipal Council,MUNICIPAL
DAR_ES_SALAAM,DAR_ES_SALAAM_DAR_ES_SALAAM_CC,Halmashauri ya Jiji la Dar es Salaam,Dar es Salaam City Council,CITY
DAR_ES_SALAAM,DAR_ES_SALAAM_TEMEKE_MC,Halmashauri ya Manispaa ya Temeke,Temeke Municipal Council,MUNICIPAL
DAR_ES_SALAAM,DAR_ES_SALAAM_KIGAMBONI_MC,Halmashauri ya Manispaa ya Kigamboni,Kigamboni Municipal Council,MUNICIPAL
DAR_ES_SALAAM,DAR_ES_SALAAM_UBUNGO_MC,Halmashauri ya Manispaa ya Ubungo,Ubungo Municipal Council,MUNICIPAL
LINDI,LINDI_KILWA_DC,Halmashauri ya Wilaya ya Kilwa,Kilwa District Council,DISTRICT
LINDI,LINDI_MTAMA_DC,Halmashauri ya Wilaya ya Mtama,Mtama District Council,DISTRICT
LINDI,LINDI_LINDI_MC,Halmashauri ya Manispaa ya Lindi,Lindi Municipal Council,MUNICIPAL
LINDI,LINDI_NACHINGWEA_DC,Halmashauri ya Wilaya ya Nachingwea,Nachingwea District Council,DISTRICT
LINDI,LINDI_LIWALE_DC,Halmashauri ya Wilaya ya Liwale,Liwale District Council,DISTRICT
LINDI,LINDI_RUANGWA_DC,Halmashauri ya Wilaya ya Ruangwa,Ruangwa District Council,DISTRICT
MTWARA,MTWARA_MTWARA_DC,Halmashauri ya Wilaya ya Mtwara,Mtwara District Council,DISTRICT
MTWARA,MTWARA_NANYAMBA_TC,Halmashauri ya Mji wa Nanyamba,Nanyamba Town Council,TOWN
MTWARA,MTWARA_MTWARA_MC,Halmashauri ya Manispaa ya Mtwara,Mtwara Municipal Council,MUNICIPAL
MTWARA,MTWARA_NEWALA_DC,Halmashauri ya Wilaya ya Newala,Newala District Council,DISTRICT
MTWARA,MTWARA_NEWALA_TC,Halmashauri ya Mji wa Newala,Newala Town Council,TOWN
MTWARA,MTWARA_MASASI_DC,Halmashauri ya Wilaya ya Masasi,Masasi District Council,DISTRICT
MTWARA,MTWARA_MASASI_TC,Halmashauri ya Mji wa Masasi,Masasi Town Council,TOWN
MTWARA,MTWARA_TANDAHIMBA_DC,Halmashauri ya Wilaya ya Tandahimba,Tandahimba District Council,DISTRICT
MTWARA,MTWARA_NANYUMBU_DC,Halmashauri ya Wilaya ya Nanyumbu,Nanyumbu District Council,DISTRICT
RUVUMA,RUVUMA_TUNDURU_DC,Halmashauri ya Wilaya ya Tunduru,Tunduru District Council,DISTRICT
RUVUMA,RUVUMA_SONGEA_DC,Halmashauri ya Wilaya ya Songea,Songea District Council,DISTRICT
RUVUMA,RUVUMA_SONGEA_MC,Halmashauri ya Manispaa ya Songea,Songea Municipal Council,MUNICIPAL
RUVUMA,RUVUMA_MADABA_DC,Halmashauri ya Wilaya ya Madaba,Madaba District Council,DISTRICT
RUVUMA,RUVUMA_MBINGA_DC,Halmashauri ya Wilaya ya Mbinga,Mbinga District Council,DISTRICT
RUVUMA,RUVUMA_MBINGA_TC,Halmashauri ya Mji wa Mbinga,Mbinga Town Council,TOWN
RUVUMA,RUVUMA_NYASA_DC,Halmashauri ya Wilaya ya Nyasa,Nyasa District Council,DISTRICT
RUVUMA,RUVUMA_NAMTUMBO_DC,Halmashauri ya Wilaya ya Namtumbo,Namtumbo District Council,DISTRICT
IRINGA,IRINGA_IRINGA_DC,Halmashauri ya Wilaya ya Iringa,Iringa District Council,DISTRICT
IRINGA,IRINGA_IRINGA_MC,Halmashauri ya Manispaa ya Iringa,Iringa Municipal Council,MUNICIPAL
IRINGA,IRINGA_MAFINGA_TC,Halmashauri ya Mji wa Mafinga,Mafinga Town Council,TOWN
IRINGA,IRINGA_MUFINDI_DC,Halmashauri ya Wilaya ya Mufindi,Mufindi District Council,DISTRICT
IRINGA,IRINGA_KILOLO_DC,Halmashauri ya Wilaya ya Kilolo,Kilolo District Council,DISTRICT
MBEYA,MBEYA_CHUNYA_DC,Halmashauri ya Wilaya ya Chunya,Chunya District Council,DISTRICT
MBEYA,MBEYA_MBEYA_DC,Halmashauri ya Wilaya ya Mbeya,Mbeya District Council,DISTRICT
MBEYA,MBEYA_MBEYA_CC,Halmashauri ya Jiji la Mbeya,Mbeya City Council,CITY
MBEYA,MBEYA_KYELA_DC,Halmashauri ya Wilaya ya Kyela,Kyela District Council,DISTRICT
MBEYA,MBEYA_RUNGWE_DC,Halmashauri ya Wilaya ya Rungwe,Rungwe District Council,DISTRICT
MBEYA,MBEYA_BUSOKELO_DC,Halmashauri ya Wilaya ya Busokelo,Busokelo District Council,DISTRICT
MBEYA,MBEYA_MBARALI_DC,Halmashauri ya Wilaya ya Mbarali,Mbarali District Council,DISTRICT
SINGIDA,SINGIDA_IRAMBA_DC,Halmashauri ya Wilaya ya Iramba,Iramba District Council,DISTRICT
SINGIDA,SINGIDA_SINGIDA_DC,Halmashauri ya Wilaya ya Singida,Singida District Council,DISTRICT
SINGIDA,SINGIDA_SINGIDA_MC,Halmashauri ya Manispaa ya Singida,Singida Municipal Council,MUNICIPAL
SINGIDA,SINGIDA_MANYONI_DC,Halmashauri ya Wilaya ya Manyoni,Manyoni District Council,DISTRICT
SINGIDA,SINGIDA_ITIGI_DC,Halmashauri ya Wilaya ya Itigi,Itigi District Council,DISTRICT
SINGIDA,SINGIDA_IKUNGI_DC,Halmashauri ya Wilaya ya Ikungi,Ikungi District Council,DISTRICT
SINGIDA,SINGIDA_MKALAMA_DC,Halmashauri ya Wilaya ya Mkalama,Mkalama District Council,DISTRICT
TABORA,TABORA_NZEGA_TC,Halmashauri ya Mji wa Nzega,Nzega Town Council,TOWN
TABORA,TABORA_NZEGA_DC,Halmashauri ya Wilaya ya Nzega,Nzega District Council,DISTRICT
TABORA,TABORA_IGUNGA_DC,Halmashauri ya Wilaya ya Igunga,Igunga District Council,DISTRICT
TABORA,TABORA_UYUI_DC,Halmashauri ya Wilaya ya Uyui,Uyui District Council,DISTRICT
TABORA,TABORA_URAMBO_DC,Halmashauri ya Wilaya ya Urambo,Urambo District Council,DISTRICT
TABORA,TABORA_SIKONGE_DC,Halmashauri ya Wilaya ya Sikonge,Sikonge District Council,DISTRICT
TABORA,TABORA_TABORA_MC,Halmashauri ya Manispaa ya Tabora,Tabora Municipal Council,MUNICIPAL
TABORA,TABORA_KALIUA_DC,Halmashauri ya Wilaya ya Kaliua,Kaliua District Council,DISTRICT
RUKWA,RUKWA_KALAMBO_DC,Halmashauri ya Wilaya ya Kalambo,Kalambo District Council,DISTRICT
RUKWA,RUKWA_SUMBAWANGA_DC,Halmashauri ya Wilaya ya Sumbawanga,Sumbawanga District Council,DISTRICT
RUKWA,RUKWA_SUMBAWANGA_MC,Halmashauri ya Manispaa ya Sumbawanga,Sumbawanga Municipal Council,MUNICIPAL
RUKWA,RUKWA_NKASI_DC,Halmashauri ya Wilaya ya Nkasi,Nkasi District Council,DISTRICT
KIGOMA,KIGOMA_KIBONDO_DC,Halmashauri ya Wilaya ya Kibondo,Kibondo District Council,DISTRICT
KIGOMA,KIGOMA_KASULU_DC,Halmashauri ya Wilaya ya Kasulu,Kasulu District Council,DISTRICT
KIGOMA,KIGOMA_KASULU_TC,Halmashauri ya Mji wa Kasulu,Kasulu Town Council,TOWN
KIGOMA,KIGOMA_KIGOMA_DC,Halmashauri ya Wilaya ya Kigoma,Kigoma District Council,DISTRICT
KIGOMA,KIGOMA_KIGOMA_MC,Halmashauri ya Manispaa ya Kigoma,Kigoma Municipal Council,MUNICIPAL
KIGOMA,KIGOMA_UVINZA_DC,Halmashauri ya Wilaya ya Uvinza,Uvinza District Council,DISTRICT
KIGOMA,KIGOMA_BUHINGWE_DC,Halmashauri ya Wilaya ya Buhingwe,Buhingwe District Council,DISTRICT
KIGOMA,KIGOMA_KAKONKO_DC,Halmashauri ya Wilaya ya Kakonko,Kakonko District Council,DISTRICT
SHINYANGA,SHINYANGA_USHETU_DC,Halmashauri ya Wilaya ya Ushetu,Ushetu District Council,DISTRICT
SHINYANGA,SHINYANGA_KAHAMA_MC,Halmashauri ya Manispaa ya Kahama,Kahama Municipal Council,MUNICIPAL
SHINYANGA,SHINYANGA_MSALALA_DC,Halmashauri ya Wilaya ya Msalala,Msalala District Council,DISTRICT
SHINYANGA,SHINYANGA_KISHAPU_DC,Halmashauri ya Wilaya ya Kishapu,Kishapu District Council,DISTRICT
SHINYANGA,SHINYANGA_SHINYANGA_DC,Halmashauri ya Wilaya ya Shinyanga,Shinyanga District Council,DISTRICT
SHINYANGA,SHINYANGA_SHINYANGA_MC,Halmashauri ya Manispaa ya Shinyanga,Shinyanga Municipal Council,MUNICIPAL
KAGERA,KAGERA_KARAGWE_DC,Halmashauri ya Wilaya ya Karagwe,Karagwe District Council,DISTRICT
KAGERA,KAGERA_BUKOBA_DC,Halmashauri ya Wilaya ya Bukoba,Bukoba District Council,DISTRICT
KAGERA,KAGERA_BUKOBA_MC,Halmashauri ya Manispaa ya Bukoba,Bukoba Municipal Council,MUNICIPAL
KAGERA,KAGERA_MULEBA_DC,Halmashauri ya Wilaya ya Muleba,Muleba District Council,DISTRICT
KAGERA,KAGERA_BIHARAMULO_DC,Halmashauri ya Wilaya ya Biharamulo,Biharamulo District Council,DISTRICT
KAGERA,KAGERA_NGARA_DC,Halmashauri ya Wilaya ya Ngara,Ngara District Council,DISTRICT
KAGERA,KAGERA_KYERWA_DC,Halmashauri ya Wilaya ya Kyerwa,Kyerwa District Council,DISTRICT
KAGERA,KAGERA_MISSENYI_DC,Halmashauri ya Wilaya ya Missenyi,Missenyi District Council,DISTRICT
MWANZA,MWANZA_UKEREWE_DC,Halmashauri ya Wilaya ya Ukerewe,Ukerewe District Council,DISTRICT
MWANZA,MWANZA_MAGU_DC,Halmashauri ya Wilaya ya Magu,Magu District Council,DISTRICT
MWANZA,MWANZA_MWANZA_CC,Halmashauri ya Jiji la Mwanza,Mwanza City Council,CITY
MWANZA,MWANZA_KWIMBA_DC,Halmashauri ya Wilaya ya Kwimba,Kwimba District Council,DISTRICT
MWANZA,MWANZA_SENGEREMA_DC,Halmashauri ya Wilaya ya Sengerema,Sengerema District Council,DISTRICT
MWANZA,MWANZA_BUCHOSA_DC,Halmashauri ya Wilaya ya Buchosa,Buchosa District Council,DISTRICT
MWANZA,MWANZA_ILEMELA_MC,Halmashauri ya Manispaa ya Ilemela,Ilemela Municipal Council,MUNICIPAL
MWANZA,MWANZA_MISUNGWI_DC,Halmashauri ya Wilaya ya Misungwi,Misungwi District Council,DISTRICT
MARA,MARA_TARIME_DC,Halmashauri ya Wilaya ya Tarime,Tarime District Council,DISTRICT
MARA,MARA_TARIME_TC,Halmashauri ya Mji wa Tarime,Tarime Town Council,TOWN
MARA,MARA_SERENGETI_DC,Halmashauri ya Wilaya ya Serengeti,Serengeti District Council,DISTRICT
MARA,MARA_MUSOMA_DC,Halmashauri ya Wilaya ya Musoma,Musoma District Council,DISTRICT
MARA,MARA_MUSOMA_MC,Halmashauri ya Manispaa ya Musoma,Musoma Municipal Council,MUNICIPAL
MARA,MARA_BUNDA_DC,Halmashauri ya Wilaya ya Bunda,Bunda District Council,DISTRICT
MARA,MARA_BUNDA_TC,Halmashauri ya Mji wa Bunda,Bunda Town Council,TOWN
MARA,MARA_BUTIAMA_DC,Halmashauri ya Wilaya ya Butiama,Butiama District Council,DISTRICT
MARA,MARA_RORYA_DC,Halmashauri ya Wilaya ya Rorya,Rorya District Council,DISTRICT
MANYARA,MANYARA_BABATI_DC,Halmashauri ya Wilaya ya Babati,Babati District Council,DISTRICT
MANYARA,MANYARA_BABATI_TC,Halmashauri ya Mji wa Babati,Babati Town Council,TOWN
MANYARA,MANYARA_HANANG_DC,Halmashauri ya Wilaya ya Hanang,Hanang District Council,DISTRICT
MANYARA,MANYARA_MBULU_DC,Halmashauri ya Wilaya ya Mbulu,Mbulu District Council,DISTRICT
MANYARA,MANYARA_MBULU_TC,Halmashauri ya Mji wa Mbulu,Mbulu Town Council,TOWN
MANYARA,MANYARA_SIMANJIRO_DC,Halmashauri ya Wilaya ya Simanjiro,Simanjiro District Council,DISTRICT
MANYARA,MANYARA_KITETO_DC,Halmashauri ya Wilaya ya Kiteto,Kiteto District Council,DISTRICT
NJOMBE,NJOMBE_NJOMBE_DC,Halmashauri ya Wilaya ya Njombe,Njombe District Council,DISTRICT
NJOMBE,NJOMBE_NJOMBE_TC,Halmashauri ya Mji wa Njombe,Njombe Town Council,TOWN
NJOMBE,NJOMBE_MAKAMBAKO_TC,Halmashauri ya Mji wa Makambako,Makambako Town Council,TOWN
NJOMBE,NJOMBE_LUDEWA_DC,Halmashauri ya Wilaya ya Ludewa,Ludewa District Council,DISTRICT
NJOMBE,NJOMBE_MAKETE_DC,Halmashauri ya Wilaya ya Makete,Makete District Council,DISTRICT
NJOMBE,NJOMBE_WANGING_OMBE_DC,Halmashauri ya Wilaya ya Wanging'ombe,Wanging'ombe District Council,DISTRICT
KATAVI,KATAVI_MPANDA_MC,Halmashauri ya Manispaa ya Mpanda,Mpanda Municipal Council,MUNICIPAL
KATAVI,KATAVI_NSIMBO_DC,Halmashauri ya Wilaya ya Nsimbo,Nsimbo District Council,DISTRICT
KATAVI,KATAVI_TANGANYIKA_DC,Halmashauri ya Wilaya ya Tanganyika,Tanganyika District Council,DISTRICT
KATAVI,KATAVI_MLELE_DC,Halmashauri ya Wilaya ya Mlele,Mlele District Council,DISTRICT
KATAVI,KATAVI_MPIMBWE_DC,Halmashauri ya Wilaya ya Mpimbwe,Mpimbwe District Council,DISTRICT
SIMIYU,SIMIYU_BARIADI_DC,Halmashauri ya Wilaya ya Bariadi,Bariadi District Council,DISTRICT
SIMIYU,SIMIYU_BARIADI_TC,Halmashauri ya Mji wa Bariadi,Bariadi Town Council,TOWN
SIMIYU,SIMIYU_ITILIMA_DC,Halmashauri ya Wilaya ya Itilima,Itilima District Council,DISTRICT
SIMIYU,SIMIYU_MEATU_DC,Halmashauri ya Wilaya ya Meatu,Meatu District Council,DISTRICT
SIMIYU,SIMIYU_MASWA_DC,Halmashauri ya Wilaya ya Maswa,Maswa District Council,DISTRICT
SIMIYU,SIMIYU_BUSEGA_DC,Halmashauri ya Wilaya ya Busega,Busega District Council,DISTRICT
GEITA,GEITA_GEITA_DC,Halmashauri ya Wilaya ya Geita,Geita District Council,DISTRICT
GEITA,GEITA_GEITA_TC,Halmashauri ya Mji wa Geita,Geita Town Council,TOWN
GEITA,GEITA_NYANG_HWALE_DC,Halmashauri ya Wilaya ya Nyang'hwale,Nyang'hwale District Council,DISTRICT
GEITA,GEITA_MBOGWE_DC,Halmashauri ya Wilaya ya Mbogwe,Mbogwe District Council,DISTRICT
GEITA,GEITA_BUKOMBE_DC,Halmashauri ya Wilaya ya Bukombe,Bukombe District Council,DISTRICT
GEITA,GEITA_CHATO_DC,Halmashauri ya Wilaya ya Chato,Chato District Council,DISTRICT
SONGWE,SONGWE_MOMBA_DC,Halmashauri ya Wilaya ya Momba,Momba District Council,DISTRICT
SONGWE,SONGWE_TUNDUMA_TC,Halmashauri ya Mji wa Tunduma,Tunduma Town Council,TOWN
SONGWE,SONGWE_SONGWE_DC,Halmashauri ya Wilaya ya Songwe,Songwe District Council,DISTRICT
SONGWE,SONGWE_MBOZI_DC,Halmashauri ya Wilaya ya Mbozi,Mbozi District Council,DISTRICT
SONGWE,SONGWE_ILEJE_DC,Halmashauri ya Wilaya ya Ileje,Ileje District Council,DISTRICT
KASKAZINI_UNGUJA,KASKAZINI_UNGUJA_KASKAZINI_A_DC,Halmashauri ya Wilaya ya Kaskazini A,Kaskazini A District Council,ZANZIBAR_DISTRICT
KASKAZINI_UNGUJA,KASKAZINI_UNGUJA_KASKAZINI_B_TC,Halmashauri ya Mji wa Kaskazini B,Kaskazini B Town Council,ZANZIBAR_TOWN
KUSINI_UNGUJA,KUSINI_UNGUJA_KATI_TC,Halmashauri ya Mji wa Kati,Kati Town Council,ZANZIBAR_TOWN
KUSINI_UNGUJA,KUSINI_UNGUJA_KUSINI_DC,Halmashauri ya Wilaya ya Kusini,Kusini District Council,ZANZIBAR_DISTRICT
MJINI_MAGHARIBI,MJINI_MAGHARIBI_MJINI_MC,Halmashauri ya Manispaa ya Mjini,Mjini Municipal Council,ZANZIBAR_MUNICIPAL
MJINI_MAGHARIBI,MJINI_MAGHARIBI_MAGHARIBI_A_MC,Halmashauri ya Manispaa ya Magharibi A,Magharibi A Municipal Council,ZANZIBAR_MUNICIPAL
MJINI_MAGHARIBI,MJINI_MAGHARIBI_MAGHARIBI_B_MC,Halmashauri ya Manispaa ya Magharibi B,Magharibi B Municipal Council,ZANZIBAR_MUNICIPAL
KASKAZINI_PEMBA,KASKAZINI_PEMBA_WETE_TC,Halmashauri ya Mji wa Wete,Wete Town Council,ZANZIBAR_TOWN
KASKAZINI_PEMBA,KASKAZINI_PEMBA_MICHEWENI_DC,Halmashauri ya Wilaya ya Micheweni,Micheweni District Council,ZANZIBAR_DISTRICT
KUSINI_PEMBA,KUSINI_PEMBA_CHAKE_CHAKE_TC,Halmashauri ya Mji wa Chake Chake,Chake Chake Town Council,ZANZIBAR_TOWN
KUSINI_PEMBA,KUSINI_PEMBA_MKOANI_TC,Halmashauri ya Mji wa Mkoani,Mkoani Town Council,ZANZIBAR_TOWN
